id,title,body,category,priority
9yoiitev,Richiesta fattura per rinnovo servizi,"Potete controllare la disponibilità del documento il pagamento ricorrente, nel nostro sistema non è presente.",Amministrazione,media
9jevt7nl,Informazioni su prodotto penne promozionali,Quali sono le principali caratteristiche di una serie di borracce col logo del cliente e le relative opzioni di personalizzazione?,Commerciale,bassa
h494azc4,Accesso negato a caricamento file,La sessione su alcuni articoli destinati alla produzione viene chiusa automaticamente dopo l'autenticazione.,Tecnico,alta
8ooo21fg,Documentazione amministrativa servizio premium,Potete fornire il riepilogo delle operazioni effettuate per il servizio di supporto?,Amministrazione,bassa
l98y63wx,Sollecito per trimestre chiuso,Vorremmo ricevere un aggiornamento sulla pendenza relativa a l'importo convenuto.,Amministrazione,alta
j8a1bh44,Sollecito per servizio cloud,La situazione contabile del compenso consulenza necessita di un aggiornamento.,Amministrazione,alta
cm5432rx,Pagamento Q1 2024 in sospeso,La somma destinata alla fornitura di dicembre non è ancora stata contabilizzata.,Amministrazione,alta
51uoqr5w,Documentazione amministrativa consulenza,Potete fornire il riepilogo delle operazioni effettuate per il contratto quadro?,Amministrazione,bassa
6fj2pt1m,Funzionalità caricamento file non operativa,Non riesco a completare la bozza grafica di una commessa; l'interfaccia rimane attiva ma la funzione non risponde.,Tecnico,media
tri8f80k,Modifica ordine abbigliamento personalizzato,È necessario correggere alcune informazioni presenti nell'ordine di una fornitura composta da più articoli.,Commerciale,alta
feum0hsk,Pagamento anno contabile in sospeso,"Il saldo il contratto quadro dovrebbe già essere stato processato, ma non risulta.",Amministrazione,alta
lvvqe9yk,Disponibilità articolo gadget personalizzati,Potete indicarmi se una fornitura destinata a un evento è presente nell'assortimento attuale?,Commerciale,bassa
vxlmly93,Sincronizzazione gestione ordini,I dati presenti in un ordine ricevuto dal sito non coincidono con quelli visualizzati nel gestionale.,Tecnico,media
gtwleld6,Configurazione configuratore gadget,Non riesco a trovare l'impostazione necessaria per gestire un prodotto configurato tramite il portale.,Tecnico,bassa
389z0x2u,Comportamento anomalo durante modulo stampa,Il sistema gestisce in maniera irregolare un lotto di t-shirt personalizzate e in alcuni casi interrompe il processo.,Tecnico,alta
m3im3e19,Documentazione contabile trimestre chiuso,Ci occorre il riepilogo delle operazioni associate alla fornitura di dicembre.,Commerciale,bassa
xq7t7kbn,Pagamento consulenza in sospeso,La disposizione effettuata per la transazione del 15/10 non presenta ancora un esito.,Amministrazione,alta
ql60eos9,Modifica ordine gadget personalizzati,Vorremmo modificare alcuni dettagli dell'ordine relativo a 50 agende con stampa del marchio.,Commerciale,alta
y69dsfw5,Stato ordine borracce personalizzate,Potete controllare se l'ordine di 50 agende con stampa del marchio è già stato preso in carico?,Commerciale,media
4tt565xd,Richiesta fattura per consulenza,Potete verificare se è stata emessa la fattura relativa a contratto n. 12345. Potete fornirla in formato pdf?,Amministrazione,media
16vb8uu1,Richiesta preventivo per calendari aziendali,"Avremmo bisogno di una quotazione aggiornata per un lotto di gadget per un evento aziendale, comprese eventuali spese aggiuntive.",Commerciale,media
d5vgaw0p,Funzionalità distinta di produzione non operativa,Non riesco a completare una serie di prodotti promozionali; l'interfaccia rimane attiva ma la funzione non risponde.,Tecnico,media
pym0cd91,Richiesta rimborso per rinnovo servizi,La prestazione ricevuta per il corresponsione ricorrente non rispettaquanto concordatoe vorrei richiedere la restituzione.,Amministrazione,media
1j4d56ik,Sollecito per abbonamento annuale,Il saldo relativo a l'accordo commerciale non risulta ancora aggiornato.,Amministrazione,alta
rk5m51pu,Sincronizzazione modulo stampa,L'aggiornamento automatico di un lotto di t-shirt personalizzate avviene con diversi minuti di ritardo.,Tecnico,media
mtp9ewr5,Disguido con richiesta cliente penne promozionali,La conferma ricevuta dal cliente non coincide coi dati relativi a 200 shopper con stampa a colori; serve un controllo prima di procedere.,Commerciale,alta
5446nxl0,Documentazione contabile rinnovo servizi,Sto predisponendo la documentazione per la chiusura contabile e mi serve il pagamento ricorrente.,Amministrazione,bassa
rjxkaye7,Richiesta fattura per consulenza,Nei nostri archivi non compare il documento la fattura n. 567.,Amministrazione,media
vhb6rm3o,Documentazione amministrativa fornitura materiali,Sarebbe possibile ricevere una copia dei registri contabili relativi al pagamento ricorrente?,Amministrazione,bassa
nq29bcxa,Disponibilità articolo t-shirt personalizzate,Vorrei controllare la giacenza relativa a un ordine di articoli personalizzati prima di procedere con l'ordine.,Commerciale,bassa
pwe9a1td,Sincronizzazione distinta di produzione,I dati presenti in una grafica caricata dal cliente non coincidono con quelli visualizzati nel gestionale.,Tecnico,media
w7vjvpoo,Sincronizzazione esportazione lavorazione,I dati presenti in una lavorazione per incisione non coincidono con quelli visualizzati nel gestionale.,Tecnico,media
2nobaax3,Funzionalità impostazioni macchina non operativa,Non riesco a completare un file destinato al reparto produttivo; l'interfaccia rimane attiva ma la funzione non risponde.,Tecnico,media
3tiofsqi,Disguido con richiesta cliente gadget personalizzati,Il cliente ha chiesto di correggere una situazione relativa a un lotto di portachiavi con incisione prima dell'avvio della lavorazione.,Commerciale,alta
59327rqk,Comportamento anomalo durante generazione etichette,L'applicazione presenta un comportamento inatteso durante un file destinato al reparto produttivo.,Tecnico,alta
2me35se2,Stato ordine materiale promozionale,Avrei bisogno di un aggiornamento sulla fornitura di una fornitura di 50 t-shirt personalizzate.,Commerciale,media
75o3tff7,Documentazione amministrativa contratto di manutenzione,Vorrei consultare il dettaglio delle operazioni riguardanti il pagamento ricorrente per un controllo amministrativo.,Amministrazione,bassa
mqc8oq3h,Accesso negato a scheda prodotto,Il login alla configurazione di una nuova lavorazione viene rifiutato nonostante le credenziali siano corrette.,Tecnico,alta
jmtcadv7,Sollecito per periodo fiscale,La situazione contabile del canone di febbraio necessita di un aggiornamento.,Amministrazione,alta
kx63p4gc,Stato ordine prodotti per fiere,Potete controllare se l'ordine di prodotti destinati a una nuova campagna promozionale è già stato preso in carico?,Commerciale,media
5zvk5dm7,Disponibilità articolo gadget personalizzati,Potete verificare la quantità presente a magazzino di una fornitura di 50 t-shirt personalizzate?,Commerciale,bassa
uh3wedz7,Informazioni su prodotto tazze personalizzate,È possibile ricevere la scheda del prodotto relativa a una piccola quantità di prodotti per un cliente?,Commerciale,bassa
nweocni0,Disponibilità articolo borse e shopper,Abbiamo ricevuto una richiesta per un ordine di articoli personalizzati; potete verificare la disponibilità?,Commerciale,bassa
p0kxv7q2,Stato ordine packaging personalizzato,Non abbiamo ancora ricevuto aggiornamenti riguardo a una fornitura di 50 t-shirt personalizzate.,Commerciale,media
csx59s1t,Richiesta preventivo per borracce personalizzate,Potete elaborare una stima dei costi per una serie di borracce col logo del cliente con relativa personalizzazione?,Commerciale,media
wloen8lw,Disponibilità articolo tazze personalizzate,Potete verificare la quantità presente a magazzino di una serie di borracce col logo del cliente?,Commerciale,bassa
5upud59v,Sincronizzazione scheda prodotto,Ho notato una differenza tra le informazioni di un ordine ricevuto dal sito e quelle presenti nel sistema centrale.,Tecnico,media
9vx2h8h1,Configurazione configuratore gadget,Potete indicarmi quali parametri utilizzare per un file col logo del cliente?,Tecnico,bassa
0rzfa18v,Disguido con richiesta cliente calendari aziendali,La conferma ricevuta dal cliente non coincide coi dati relativi a un lotto di gadget per un evento aziendale; serve un controllo prima di procedere.,Commerciale,alta
x4reclg0,Richiesta preventivo per abbigliamento personalizzato,Vorremmo conoscere le condizioni economiche previste per prodotti con personalizzazione su un lato.,Commerciale,media
s5zdxji4,Richiesta preventivo per abbigliamento personalizzato,Siamo interessati a una fornitura destinata a un evento e vorremmo conoscere il prezzo per la quantità indicata.,Commerciale,media
h0c7zm9t,Documentazione contabile licenza software,È possibile ottenere il prospetto completo delle movimentazioni di l'importo convenuto.,Amministrazione,bassa
y06yom08,Accesso negato a caricamento file,La sessione su un lotto di t-shirt personalizzate viene chiusa automaticamente dopo l'autenticazione.,Tecnico,alta
wt35mwd8,Richiesta di supporto per importazione ordini,Mi servirebbe supporto per capire come gestire un ordine con quantità elevate nel gestionale.,Tecnico,bassa
8fyj0wlb,Configurazione configuratore gadget,Vorrei verificare la configurazione di un lotto di t-shirt personalizzate prima di utilizzarla per una nuova lavorazione.,Tecnico,bassa
vjvm7yd6,Informazioni su prodotto etichette adesive,Vorrei conoscere i materiali e le possibilità di personalizzazione disponibili per una piccola quantità di prodotti per un cliente.,Commerciale,bassa
p9yg6w3b,Funzionalità caricamento file non operativa,"Ho provato più volte a eseguire un lotto di t-shirt personalizzate, ma il sistema non completa la richiesta.",Tecnico,media
t9az6wcc,Modifica ordine borracce personalizzate,È necessario rettificare alcune voci della richiesta riguardante una piccola quantità di prodotti per un cliente.,Commerciale,alta
eaz49lwj,Funzionalità anteprima grafica non operativa,Non riesco a completare un lotto di penne personalizzate; l'interfaccia rimane attiva ma la funzione non risponde.,Tecnico,media
49heo48z,Sincronizzazione impostazioni macchina,L'aggiornamento automatico di una commessa con più articoli avviene con diversi minuti di ritardo.,Tecnico,media
c8fzj7vk,Documentazione contabile rinnovo servizi,Ci occorre il riepilogo delle operazioni associate alla fattura n. 567.,Amministrazione,bassa
15nuh845,Pagamento rinnovo servizi in sospeso,Il bonifico relativo a l'accordo commerciale non compare ancora tra le operazioni registrate. Potete verificare?,Amministrazione,alta
3zs6sqld,Stato ordine abbigliamento personalizzato,Vorrei sapere se ci sono aggiornamenti riguardo alla spedizione di una fornitura composta da più articoli.,Commerciale,media
lcnpe65o,Comportamento anomalo durante preparazione commessa,"Durante la gestione della bozza grafica di una commessa, il gestionale restituisce un risultato diverso da quello previsto.",Tecnico,alta
b37xeqas,Richiesta fattura per servizio cloud,È possibile ottenere una copia del documento contabile la fornitura di dicembre.,Commerciale,media
lri2jq4b,Richiesta fattura per rinnovo servizi,Non ho riesco a reperire il documento fiscale relativo a l'ordine ORD-2024-001. Potreste inviarla?,Amministrazione,media
9owlhr58,Accesso negato a preparazione commessa,Le credenziali utilizzate per un file destinato al reparto produttivo non vengono più riconosciute.,Tecnico,alta
f4d2634u,Accesso negato a archivio grafiche,Dopo l'ultimo aggiornamento non riesco ad entrare in una lavorazione per incisione.,Tecnico,alta
v0tfjg8f,Richiesta rimborso per fornitura materiali,È possibile procedere con un riaccredito relativo al servizio di supporto.,Amministrazione,media
5jsgt77f,Richiesta preventivo per borracce personalizzate,"Avrei bisogno di un preventivo per 50 agende con stampa del marchio, comprensivo delle lavorazioni richieste.",Commerciale,media
14koblq2,Documentazione amministrativa servizio cloud,Per la verifica periodica ci serve un riepilogo della situazione contabile della transazione del 15/10.,Amministrazione,bassa
3na8uh2k,Disponibilità articolo agende personalizzate,Vorrei sapere se prodotti con personalizzazione su un lato è attualmente disponibile.,Commerciale,bassa
h0tl6cso,Pagamento mese corrente in sospeso,Non troviamo evidenza dell'operazione associata alla fattura n. 567,Amministrazione,alta
9rsbqzjf,Informazioni su prodotto etichette adesive,Quali sono le principali caratteristiche di una fornitura di 50 t-shirt personalizzate e le relative opzioni di personalizzazione?,Commerciale,bassa
sabqi89n,Accesso negato a catalogo prodotti,"Dopo diversi tentativi, continuo a ricevere un messaggio di accesso negato per un file col logo del cliente.",Tecnico,alta
9viehnk2,stock articolo borse e shopper,Potete indicarmi se prodotti destinati a una nuova campagna promozionale è presente nell'assortimento attuale?,Commerciale,bassa
8x2y99qu,Richiesta fattura per abbonamento annuale,Mi serve il documento fiscale della transazione del 15/10 per la chiusura.,Amministrazione,media
2it4q5dy,Richiesta di supporto per distinta di produzione,Mi servirebbe supporto per capire come gestire la bozza grafica di una commessa nel gestionale.,Tecnico,bassa
hbnz0413,Sincronizzazione stato della produzione,I dati presenti in un file destinato al reparto produttivo non coincidono con quelli visualizzati nel gestionale.,Tecnico,media
v0rcjwa4,Stato ordine portachiavi promozionali,Potete controllare se l'ordine di prodotti con personalizzazione su un lato è già stato preso in carico?,Commerciale,media
yn3i64dc,Configurazione configuratore gadget,"Ho seguito le indicazioni disponibili per una commessa con più articoli, ma non riesco a completare tutti i passaggi.",Tecnico,bassa
qi4dp223,Richiesta di supporto per gestione ordini,Mi servirebbe supporto per capire come gestire alcuni articoli destinati alla produzione nel gestionale.,Tecnico,bassa
s0omdt59,Accesso negato a anteprima grafica,Dopo l'ultimo aggiornamento non riesco ad entrare in una serie di articoli con la stessa grafica.,Tecnico,alta
i60ju2fz,Documentazione amministrativa mese corrente,Avrei bisogno del prospetto contabile relativo alla fattura n. 567 per una verifica interna.,Amministrazione,bassa
g44wlep6,Stato ordine penne promozionali,Potete controllare se l'ordine di una piccola quantità di prodotti per un cliente è già stato preso in carico?,Commerciale,media
y8qdtt84,Comportamento anomalo durante importazione ordini,Il sistema gestisce in maniera irregolare un file destinato al reparto produttivo e in alcuni casi interrompe il processo.,Tecnico,alta
p9whx15g,Disponibilità articolo articoli per eventi,È prevista una nuova disponibilità per una serie di borracce col logo del cliente?,Commerciale,bassa
6nvjibpm,Richiesta preventivo per calendari aziendali,"Vorrei ricevere una quotazione per prodotti destinati a una nuova campagna promozionale, indicando anche i costi della personalizzazione.",Commerciale,media
mj34ku03,Disguido con richiesta cliente gadget personalizzati,Ci è stato comunicato un errore nei dati forniti per materiale promozionale per una fiera; occorre intervenire prima di procedere.,Commerciale,alta
v3zvs4et,Disguido con richiesta cliente portachiavi promozionali,Abbiamo ricevuto una segnalazione urgente riguardo a un lotto di portachiavi con incisione; il cliente è in attesa di un riscontro.,Commerciale,alta
e9a1w3h5,Disponibilità articolo t-shirt personalizzate,Vorrei controllare la giacenza relativa a una piccola quantità di prodotti per un cliente prima di procedere con l'ordine.,Commerciale,bassa
aiofk9zy,Richiesta preventivo per gadget personalizzati,Vorremmo conoscere le condizioni economiche previste per materiale promozionale per una fiera.,Commerciale,media
88jro08j,Disguido con richiesta cliente abbigliamento personalizzato,La conferma ricevuta dal cliente non coincide coi dati relativi a una serie di borracce col logo del cliente; serve un controllo prima di procedere.,Commerciale,alta
ukr1s6j2,Stato ordine packaging personalizzato,Vorrei sapere a che punto si trova l'ordine relativo a prodotti con personalizzazione su un lato.,Commerciale,media
bleck2ys,Modifica ordine prodotti per fiere,Vorremmo modificare le quantità previste per prodotti destinati a una nuova campagna promozionale prima dell'evasione.,Commerciale,alta
xxlpg2kj,Stato ordine portachiavi promozionali,Non abbiamo ancora ricevuto aggiornamenti riguardo a un lotto di portachiavi con incisione.,Commerciale,media
1g34uoab,Informazioni su prodotto etichette adesive,Vorrei conoscere i materiali e le possibilità di personalizzazione disponibili per una piccola quantità di prodotti per un cliente.,Commerciale,bassa
4ws6q7bz,Disguido con richiesta cliente portachiavi promozionali,La conferma ricevuta dal cliente non coincide coi dati relativi a una fornitura composta da più articoli; serve un controllo prima di procedere.,Commerciale,alta
0abu7yng,Funzionalità modulo stampa non operativa,"Il sistema registra l'operazione relativa a una commessa con più articoli, ma non la visualizza correttamente.",Tecnico,media
j1ougasq,Modifica richiesta calendari aziendali,Potete aggiornare i dati della commessa relativa a una piccola quantità di prodotti per un cliente?,Commerciale,alta
qvir3fd5,Disguido con richiesta richiedente packaging personalizzato,Abbiamo bisogno di risolvere una criticità nella richiesta riguardante materiale promozionale per una fiera per evitare ritardi nella fornitura.,Commerciale,alta
r98qckni,Modifica ordine packaging personalizzato,Vorremmo modificare le quantità previste per prodotti con personalizzazione su un lato prima dell'evasione.,Commerciale,alta
0jdvxxob,Funzionalità stato della produzione non operativa,"Ho provato più volte a eseguire un ordine con quantità elevate, ma il sistema non completa la richiesta.",Tecnico,media
kf9mcpld,Richiesta di supporto per caricamento file,Mi servirebbe supporto per capire come gestire un prodotto configurato tramite il portale nel gestionale.,Tecnico,bassa
eyd0fphp,Informazioni su prodotto etichette adesive,Mi servirebbero maggiori informazioni sulle caratteristiche di una piccola quantità di prodotti per un cliente.,Commerciale,bassa
lf7x140m,Pagamento contratto di manutenzione in sospeso,La somma destinata al canone di febbraio non è ancora stata contabilizzata.,Amministrazione,alta
m99yo1of,Documentazione amministrativa quota associativa,Per la verifica periodica ci serve un riepilogo della situazione contabile di gennaio 2024.,Amministrazione,bassa
cgrd9m3b,Comportamento anomalo durante anteprima grafica,Ho riscontrato un'anomalia mentre preparavo la bozza grafica di una commessa per la produzione.,Tecnico,alta
s9gfl2nr,Pagamento licenza software in sospeso,Non troviamo evidenza dell'operazione associata al compenso consulenza,Amministrazione,alta
4xav4do6,Richiesta rimborso per servizio cloud,Vorrei ottenere un conguaglio per la prestazione relativa alla fornitura di dicembre.,Amministrazione,media
60xbn1z0,Accesso negato a impostazioni macchina,Il sistema impedisce di completare l'autenticazione necessaria per utilizzare la bozza grafica di una commessa.,Tecnico,alta
b8u6ldka,Accesso negato a configuratore gadget,La sessione su una lavorazione destinata alla stampa viene chiusa automaticamente dopo l'autenticazione.,Tecnico,alta
enord54e,Richiesta di supporto per configuratore gadget,È possibile ricevere indicazioni sulla gestione della bozza grafica di una commessa?,Tecnico,bassa
sgzr53nq,Richiesta di supporto per configuratore gadget,Mi servirebbe un chiarimento sulla procedura da seguire per un ordine di gadget personalizzati.,Tecnico,bassa
jp9dli5x,Documentazione contabile servizio cloud,È possibile ottenere il prospetto completo delle movimentazioni del contratto quadro.,Amministrazione,bassa
gc8ox5hy,Comportamento anomalo durante configuratore gadget,"Durante la gestione di un file col logo del cliente, il gestionale restituisce un risultato diverso da quello previsto.",Tecnico,alta
a9gsrxcy,Sincronizzazione gestione clienti,I dati presenti in un ordine ricevuto dal sito non coincidono con quelli visualizzati nel gestionale.,Tecnico,media
czuv2171,Richiesta di supporto per gestione ordini,Mi servirebbe supporto per capire come gestire la configurazione di una nuova lavorazione nel gestionale.,Tecnico,bassa
a9rl9vit,Documentazione amministrativa quota associativa,Sto effettuando un controllo sui dati del pagamento ricorrente e avrei necessità della relativa documentazione.,Amministrazione,bassa
vgp902eh,Stato ordine gadget personalizzati,Potete controllare se l'ordine di una fornitura di 50 t-shirt personalizzate è già stato preso in carico?,Commerciale,media
ubin6y8g,Documentazione contabile Q1 2024,Chiedo di ricevere la reportistica relativa a gennaio 2024.,Amministrazione,bassa
4ldumzmj,Funzionalità anteprima grafica non operativa,"Ho provato più volte a eseguire la bozza grafica di una commessa, ma il sistema non completa la richiesta.",Tecnico,media
f3vvsu5k,Documentazione contabile rinnovo servizi,Potete mettere a disposizione la documentazione necessaria per il controllo della transazione del 15/10.,Amministrazione,bassa
efj71107,Richiesta rimborso per fornitura materiali,Vorrei ottenere un conguaglio per la prestazione relativa alla rata semestrale.,Amministrazione,media
dzqc53ur,Disguido con richiesta cliente etichette adesive,La conferma ricevuta dal cliente non coincide coi dati relativi a prodotti con personalizzazione su un lato; serve un controllo prima di procedere.,Commerciale,alta
bz4d1n95,Configurazione configuratore gadget,Potete indicarmi quali parametri utilizzare per una grafica caricata dal cliente?,Tecnico,bassa
ear0rys2,Documentazione contabile Q1 2024,Chiedo di ricevere la reportistica relativa al contratto quadro.,Amministrazione,bassa
64x4l7cs,Pagamento trimestre chiuso in sospeso,Vorrei sapere a che punto è il trasferimento fondi per la posizione cliente CLI-789.,Amministrazione,alta
fift3o7d,Richiesta di supporto per configuratore gadget,Sto preparando una nuova lavorazione e vorrei alcune indicazioni riguardo a una serie di articoli con la stessa grafica.,Tecnico,bassa
w05s6jjg,Documentazione amministrativa trimestre chiuso,Mi occorre lo storico delle movimentazioni associate a l'ordine ORD-2024-001 per completare la rendicontazione.,Amministrazione,bassa
3xz73xbw,Informazioni su prodotto t-shirt personalizzate,Potete fornirmi maggiori dettagli relativi a gadget personalizzati con grafica fornita dal cliente?,Commerciale,bassa
2kyw6o0a,Stato ordine borracce personalizzate,Avrei bisogno di un aggiornamento sulla fornitura di 200 shopper con stampa a colori.,Commerciale,media
2cty981a,Richiesta rimborso per trimestre chiuso,Vorrei ottenere un conguaglio per la prestazione relativa alla transazione del 15/10.,Amministrazione,media
r1w0kn0j,Pagamento servizio premium in sospeso,La somma destinata alla fornitura di dicembre non è ancora stata contabilizzata.,Amministrazione,alta
t9tn9nzz,Sincronizzazione importazione ordini,L'aggiornamento automatico di una grafica caricata dal cliente avviene con diversi minuti di risposta ritardata.,Tecnico,media
cd6au6yl,Modifica ordine agende personalizzate,Vorremmo modificare alcuni dettagli dell'ordine relativo a un lotto di gadget per un evento aziendale.,Commerciale,alta
iap03nxw,Configurazione configuratore gadget,Potete indicarmi quali parametri utilizzare per una commessa con più articoli?,Tecnico,bassa
zlt2y9in,Funzionalità scheda prodotto non operativa,Non riesco a completare un lotto di t-shirt personalizzate; l'interfaccia rimane attiva ma la funzione non risponde.,Tecnico,media
tmt7g5wk,Richiesta di supporto per configuratore gadget,Avrei bisogno di un'indicazione sui passaggi necessari per completare alcuni articoli destinati alla produzione.,Tecnico,bassa
0obou3c8,Richiesta fattura per quota associativa,Non ho riesco a reperire il documento fiscale relativo al canone di febbraio. Potreste inviarla?,Amministrazione,media
vg1uvvem,Documentazione contabile licenza software,Potete mettere a disposizione la documentazione necessaria per il controllo di l'importo convenuto.,Amministrazione,bassa
4tzo5e9n,Richiesta rimborso per Q1 2024,"Considerato il mancato servizio il servizio di supporto, chiediamo di stornare la somma versata.",Amministrazione,media
dfckhu3d,Disponibilità articolo penne promozionali,Stiamo valutando un ordine di una fornitura di 50 t-shirt personalizzate; è disponibile la quantità richiesta?,Commerciale,bassa
1v68x9jd,Comportamento anomalo durante anteprima grafica,Il sistema gestisce in maniera irregolare una lavorazione per incisione e in alcuni casi interrompe il processo.,Tecnico,alta
vjc70i7l,Comportamento anomalo durante catalogo prodotti,Ho riscontrato un'anomalia mentre preparavo una commessa con più articoli per la produzione.,Tecnico,alta
18o0e5uk,Richiesta di supporto per distinta di produzione,Mi servirebbe supporto per capire come gestire un file col logo del cliente nel gestionale.,Tecnico,bassa
v1jgurru,Sincronizzazione gestione ordini,I dati presenti in un ordine ricevuto dal sito non coincidono con quelli visualizzati nel gestionale.,Tecnico,media
1sb9aja7,Pagamento canone mensile in sospeso,Non troviamo evidenza dell'operazione associata alla transazione del 15/10,Amministrazione,alta
jcbi53b9,Accesso negato a scheda prodotto,Il mio account non dispone più dei privilegi necessari per utilizzare un ordine ricevuto dal sito.,Tecnico,alta
spl6vsv7,Accesso negato a importazione ordini,"Dopo diversi tentativi, continuo a ricevere un messaggio di accesso negato per un file destinato al reparto produttivo.",Tecnico,alta
lju707h9,Informazioni su prodotto gadget aziendali,Vorrei conoscere i materiali e le possibilità di personalizzazione disponibili per una piccola quantità di prodotti per un cliente.,Commerciale,bassa
9poii5x2,Richiesta fattura per rinnovo servizi,Non ho riesco a reperire il documento fiscale relativo a l'accordo commerciale. Potreste inviarla?,Amministrazione,media
see16wyi,Pagamento quota associativa in sospeso,Dopo alcuni giorni non abbiamo ricevuto conferma dell'avvenuta operazione la transazione del 15/10.,Amministrazione,alta
29fdk2to,Funzionalità archivio grafiche non operativa,"Ho provato più volte a eseguire un ordine ricevuto dal sito, ma il sistema non completa la richiesta.",Tecnico,media
3c2iaf2a,Richiesta fattura per Q1 2024,Mi serve il documento fiscale di contratto n. 12345 per la chiusura.,Amministrazione,media
0u9jc6pi,Richiesta rimborso per servizio cloud,La prestazione ricevuta per gennaio 2024 non rispettaquanto concordatoe vorrei richiedere la restituzione.,Amministrazione,media
imf70y9m,Stato ordine borracce personalizzate,È possibile conoscere la situazione attuale della richiesta relativa a una fornitura di 50 t-shirt personalizzate?,Commerciale,media
cr8t0e7q,Richiesta preventivo per portachiavi promozionali,"Avremmo bisogno di una quotazione aggiornata per 100 penne con logo aziendale, comprese eventuali spese aggiuntive.",Commerciale,media
19n16pcw,account bloccato a caricamento file,"L'accesso alla configurazione di una nuova lavorazione risulta disponibile ad altri utenti, ma non al mio profilo.",Tecnico,alta
pr7lam8u,Pagamento mese corrente in sospeso,Non troviamo evidenza dell'operazione associata al compenso consulenza,Amministrazione,alta
70qs65xw,Configurazione configuratore gadget,"Sto cercando di modificare una lavorazione per incisione, ma alcune opzioni non sono chiare.",Tecnico,bassa
9j1qzcv4,Documentazione amministrativa contratto di manutenzione,Per la verifica periodica ci serve un riepilogo della situazione contabile di gennaio 2024.,Amministrazione,bassa
te1osn4i,difficoltà con le credenziali a distinta di produzione,"Dopo diversi tentativi, continuo a ricevere un messaggio di accesso negato per alcuni articoli destinati alla produzione.",Tecnico,alta
vnkla9c2,Informazioni su prodotto packaging personalizzato,Vorrei avere qualche dettaglio in più su un ordine di articoli personalizzati prima di formulare una proposta.,Commerciale,bassa
jq2few2k,Richiesta rimborso per abbonamento annuale,Vorrei richiedere la restituzionedella somma versata per il canone di febbraio in quanto il servizio non è stato fornito come concordato.,Amministrazione,media
jtagfyl7,Configurazione configuratore gadget,Non riesco a trovare l'impostazione necessaria per gestire un ordine ricevuto dal sito.,Tecnico,bassa
csg5uasm,Accesso negato a modulo stampa,Le credenziali utilizzate per una serie di articoli con la stessa grafica non vengono più riconosciute.,Tecnico,alta
wa4kftiu,Disguido con richiesta cliente prodotti per fiere,Il cliente ha segnalato un problema nella richiesta relativa a 100 penne con logo aziendale e attende una soluzione.,Commerciale,alta
cvmzl53t,Richiesta di supporto per gestione clienti,Mi servirebbe supporto per capire come gestire una lavorazione per incisione nel gestionale.,Tecnico,bassa
vh0sgb2h,Pagamento licenza software in sospeso,Vorrei sapere a che punto è il trasferimento fondi per il servizio premium.,Amministrazione,alta
mu79tn16,Documentazione contabile rinnovo servizi,Chiedo di ricevere la reportistica relativa al compenso consulenza.,Amministrazione,bassa
vdnif11c,Documentazione amministrativa quota associativa,Sto effettuando un controllo sui dati del servizio di supporto e avrei necessità della relativa documentazione.,Amministrazione,bassa
vh7i8wqv,Disguido con richiesta cliente t-shirt personalizzate,Ci è stato comunicato un errore nei dati forniti per una serie di borracce col logo del cliente; occorre intervenire prima di procedere.,Commerciale,alta
elue6n24,Funzionalità configuratore gadget non operativa,La funzionalità collegata a una serie di articoli con la stessa grafica non sembra essere disponibile in questo momento.,Tecnico,media
lh1u0frl,Informazioni su prodotto agende personalizzate,Potete fornirmi maggiori dettagli relativi a un ordine di articoli personalizzati?,Commerciale,bassa
70wlqcuq,Accesso negato a stato della produzione,Il sistema impedisce di completare l'autenticazione necessaria per utilizzare alcuni articoli destinati alla produzione.,Tecnico,alta
y6kkdk1s,Sollecito per quota associativa,Segnaliamo che la posizione la transazione del 15/10 non risulta ancora chiusa.,Amministrazione,alta
6v7yebz5,Documentazione contabile mese corrente,Ci serve il materiale contabile relativo alla fattura n. 567 per completare la revisione,Amministrazione,bassa
9phvqv4s,Sincronizzazione caricamento file,L'aggiornamento automatico di un file col logo del cliente avviene con diversi minuti di ritardo.,Tecnico,media
bu5o2c14,Documentazione amministrativa rinnovo servizi,Avrei bisogno del prospetto contabile relativo al canone di febbraio per una verifica interna.,Amministrazione,bassa
ch5odj37,Comportamento anomalo durante scheda prodotto,L'applicazione presenta un comportamento inatteso durante un lotto di penne personalizzate.,Tecnico,alta
vpt1gis6,Accesso negato a scheda prodotto,"L'accesso a una lavorazione destinata alla stampa risulta disponibile ad altri utenti, ma non al mio profilo.",Tecnico,alta
dl1xk4in,Informazioni su prodotto portachiavi promozionali,Potete inviarmi una descrizione più completa di una fornitura destinata a un evento?,Commerciale,bassa
lmszd48l,Informazioni su prodotto tazze personalizzate,Vorrei conoscere meglio le caratteristiche di una fornitura destinata a un evento prima di proporlo al cliente.,Commerciale,bassa
qq1nux74,Informazioni su prodotto gadget personalizzati,Le informazioni presenti nel catalogo su una serie di borracce col logo del cliente non sono sufficienti.,Commerciale,bassa
ht02p1we,Documentazione amministrativa mese corrente,Potete fornire il riepilogo delle operazioni effettuate per l'accordo commerciale?,Amministrazione,bassa
r9dm3ff3,Configurazione configuratore gadget,Non riesco a trovare l'impostazione necessaria per gestire alcuni articoli destinati alla produzione.,Tecnico,bassa
9vj1d4xe,Comportamento anomalo durante catalogo prodotti,L'applicazione presenta un comportamento inatteso durante alcuni articoli destinati alla produzione.,Tecnico,alta
zjj9h0xs,Funzionalità stato della produzione non operativa,Non riesco a completare un lotto di penne personalizzate; l'interfaccia rimane attiva ma la funzione non risponde.,Tecnico,media
91wsr91y,Disponibilità articolo materiale promozionale,Abbiamo ricevuto una richiesta per 100 penne con logo aziendale; potete verificare la disponibilità?,Commerciale,bassa
uyj0go8z,Pagamento prestazione professionale in sospeso,Dopo alcuni giorni non abbiamo ricevuto conferma dell'avvenuta operazione contratto n. 12345.,Amministrazione,alta
sluw12jb,Funzionalità gestione clienti non operativa,"Ho provato più volte a eseguire una serie di articoli con la stessa grafica, ma il sistema non completa la richiesta.",Tecnico,media
jmawygc8,Richiesta rimborso per quota associativa,È necessario annullare l'addebito associato al servizio di supporto?,Amministrazione,media
p2d2ypvb,Modifica ordine etichette adesive,Vorrei sapere se è possibile apportare una modifica all'ordine già inviato per un lotto di gadget per un evento aziendale.,Commerciale,alta
41hm55dw,Documentazione amministrativa rinnovo servizi,Vorrei consultare il dettaglio delle operazioni riguardanti il contratto quadro per un controllo amministrativo.,Amministrazione,bassa
n15z7y6r,Disponibilità articolo prodotti per fiere,Potete indicarmi se prodotti con personalizzazione su un lato è presente nell'assortimento attuale?,Commerciale,bassa
jgve6t26,Richiesta preventivo per gadget personalizzati,Ci interessa valutare una fornitura di 50 t-shirt personalizzate; sarebbe possibile ricevere un'offerta dettagliata?,Commerciale,media
2c27qgys,Richiesta fattura per fornitura materiali,Potete controllare se la fattura l'importo convenuto è stata emessa?,Commerciale,media
j21q00hk,Disponibilità articolo t-shirt personalizzate,È prevista una nuova disponibilità per una fornitura composta da più articoli?,Commerciale,bassa
y2f22862,Configurazione configuratore gadget,Vorrei verificare la configurazione di una serie di articoli con la stessa grafica prima di utilizzarla per una nuova lavorazione.,Tecnico,bassa
au842p1s,Sincronizzazione modulo stampa,L'aggiornamento automatico di una grafica caricata dal cliente avviene con diversi minuti di ritardo.,Tecnico,media
6zi6siyz,Richiesta di supporto per catalogo prodotti,Mi servirebbe supporto per capire come gestire una serie di articoli con la stessa grafica nel gestionale.,Tecnico,bassa
c12k3aoq,Stato ordine portachiavi promozionali,Vorrei avere un riscontro sull'avanzamento dell'ordine gadget personalizzati con grafica fornita dal azienda richiedente.,Commerciale,media
x12hcp5e,Richiesta fattura per quota associativa,Potete verificare se è stata emessa la fattura relativa al pagamento ricorrente. Potete fornirla in formato pdf?,Amministrazione,media
3vp3196h,Comportamento anomalo durante esportazione lavorazione,Ho riscontrato un'anomalia mentre preparavo un file col logo del cliente per la produzione.,Tecnico,alta
g9epb28r,Funzionalità impostazioni macchina non operativa,"Il sistema registra l'operazione relativa a una lavorazione per incisione, ma non la visualizza correttamente.",Tecnico,media
407eww0f,Stato ordine abbigliamento personalizzato,Potete controllare se l'ordine di un ordine di articoli personalizzati è già stato preso in carico?,Commerciale,media
3q3zjkbh,Modifica ordine portachiavi promozionali,Potete aggiornare i dati della commessa relativa a gadget personalizzati con grafica fornita dal cliente?,Commerciale,alta
k7j37fei,Richiesta preventivo per packaging personalizzato,"Avrei bisogno di un preventivo per un lotto di gadget per un evento aziendale, comprensivo delle lavorazioni richieste.",Commerciale,media
41xlmcd4,Stato ordine packaging personalizzato,Vorrei avere un riscontro sull'avanzamento dell'ordine una fornitura destinata a un evento.,Commerciale,media
eg3ckxkx,Stato ordine agende personalizzate,Vorrei avere un riscontro sull'avanzamento dell'ordine prodotti con personalizzazione su un lato.,Commerciale,media
kqo639gt,Richiesta preventivo per portachiavi promozionali,Potete preparare un'offerta relativa a 50 agende con stampa del marchio? Stiamo valutando diverse alternative.,Commerciale,media
93vsooxt,Documentazione amministrativa fornitura materiali,Avrei bisogno del prospetto contabile relativo a l'accordo commerciale per una verifica interna.,Commerciale,bassa
3f622uni,Sincronizzazione configuratore gadget,Ho notato una differenza tra le informazioni di alcuni articoli destinati alla produzione e quelle presenti nel sistema centrale.,Tecnico,media
yn6vs7zn,Informazioni su prodotto t-shirt personalizzate,Vorrei conoscere i materiali e le possibilità di personalizzazione disponibili per una serie di borracce col logo del cliente.,Commerciale,bassa
xm5jsee1,Modifica ordine borracce personalizzate,È necessario correggere alcune informazioni presenti nell'ordine di un lotto di portachiavi con incisione.,Commerciale,alta
t10ar7fe,Richiesta di supporto per importazione ordini,Mi servirebbe supporto per capire come gestire un file destinato al reparto produttivo nel gestionale.,Tecnico,bassa
ru4vtwtw,Pagamento canone mensile in sospeso,"Il saldo la fornitura di dicembre dovrebbe già essere stato processato, ma non risulta.",Amministrazione,alta
rk29g0s0,Funzionalità stato della produzione non operativa,"Ho provato più volte a eseguire una serie di prodotti promozionali, ma il sistema non completa la richiesta.",Tecnico,media
616gghoq,Sincronizzazione configuratore gadget,I dati presenti nella configurazione di una nuova lavorazione non coincidono con quelli visualizzati nel gestionale.,Tecnico,media
9n9ieisc,Documentazione contabile prestazione professionale,Chiedo di ricevere la reportistica relativa al pagamento ricorrente.,Amministrazione,bassa
j4w551pt,Modifica ordine articoli per eventi,Chiedo di verificare se possiamo ancora intervenire sull'ordine relativo a una fornitura destinata a un evento.,Commerciale,alta
5xajn55x,Documentazione amministrativa contratto di manutenzione,Per la verifica periodica ci serve un riepilogo della situazione contabile di l'abbonamento trimestrale.,Amministrazione,bassa
wpyfog8y,Richiesta di supporto per caricamento file,Mi servirebbe supporto per capire come gestire la configurazione di una nuova lavorazione nel gestionale.,Tecnico,bassa
jcha5q3r,Richiesta di supporto per impostazioni macchina,Mi servirebbe supporto per capire come gestire un ordine di gadget personalizzati nel gestionale.,Tecnico,bassa
6q4lpy15,Sincronizzazione stato della produzione,Ho notato una differenza tra le informazioni di un prodotto configurato tramite il portale e quelle presenti nel sistema centrale.,Tecnico,media
1lttbj2d,Sollecito per canone mensile,La situazione contabile della transazione del 15/10 necessita di un aggiornamento.,Amministrazione,alta
ku8vxv19,Configurazione configuratore gadget,Avrei bisogno di indicazioni per configurare correttamente un lotto di penne personalizzate.,Tecnico,bassa
vyta1n8i,Sincronizzazione stato della produzione,I dati presenti nella configurazione di una nuova lavorazione non coincidono con quelli visualizzati nel gestionale.,Tecnico,media
rpc1q098,Sincronizzazione gestione clienti,L'aggiornamento automatico di un file col logo del cliente avviene con diversi minuti di ritardo.,Tecnico,media
b0j7dt2k,Accesso negato a importazione ordini,Le credenziali utilizzate per una commessa con più articoli non vengono più riconosciute.,Tecnico,alta
pv71h12f,Richiesta fattura per periodo fiscale,Nei nostri archivi non compare il documento il pagamento ricorrente.,Amministrazione,media
nc5kea21,Sollecito per contratto di manutenzione,Il saldo relativo alla fattura n. 567 non risulta ancora aggiornato.,Amministrazione,alta
433gozqx,Richiesta preventivo per materiale promozionale,"Avrei bisogno di un preventivo per 200 shopper con stampa a colori, comprensivo delle lavorazioni richieste.",Commerciale,media
qqo5ft29,Accesso negato a stato della produzione,Non riesco più ad accedere alla sezione relativa a una grafica caricata dal cliente col mio account.,Tecnico,alta
j44esp70,stock articolo agende personalizzate,Stiamo valutando un ordine di un ordine di articoli personalizzati; è disponibile la quantità richiesta?,Commerciale,bassa
dfu4l41k,Documentazione contabile mese corrente,Ci occorre il riepilogo delle operazioni associate alla transazione del 15/10.,Amministrazione,bassa
8w9v89e6,Disguido con richiesta cliente abbigliamento personalizzato,Abbiamo bisogno di risolvere una criticità nella richiesta riguardante un ordine di articoli personalizzati per evitare ritardi nella fornitura.,Commerciale,alta
ktu7h0ax,Configurazione configuratore gadget,Non riesco a trovare l'impostazione necessaria per gestire una lavorazione per incisione.,Tecnico,bassa
z803jyxh,Richiesta fattura per abbonamento annuale,Nei nostri archivi non compare il documento l'importo convenuto.,Amministrazione,media
70bblz24,Richiesta preventivo per etichette adesive,Potete preparare un'offerta relativa a una piccola quantità di prodotti per un cliente? Stiamo valutando diverse alternative.,Commerciale,media
c13q66zl,Richiesta fattura per servizio premium,È possibile ottenere una copia del documento contabile il contratto quadro.,Amministrazione,media
zt2ju2vs,Pagamento servizio premium in sospeso,Il bonifico relativo al contratto quadro non compare ancora tra le operazioni registrate. Potete verificare?,Amministrazione,alta
9xkysr9q,Disponibilità articolo materiale promozionale,Sapete indicarmi se 50 agende con stampa del marchio è ordinabile al momento?,Commerciale,bassa
7v8ou2e1,Pagamento Q1 2024 in sospeso,Non troviamo evidenza dell'operazione associata al servizio premium,Amministrazione,alta
xal52uwp,Pagamento rinnovo servizi in sospeso,Il bonifico relativo al canone di febbraio non compare ancora tra le operazioni registrate. Potete verificare?,Amministrazione,alta
t8k7xk7w,Accesso negato a anteprima grafica,Il sistema impedisce di completare l'autenticazione necessaria per utilizzare una commessa con più articoli.,Tecnico,alta
kkm6e9ov,Documentazione amministrativa periodo fiscale,Chiedo l'invio della documentazione fiscale collegata al pagamento ricorrente.,Amministrazione,bassa
sm90q0n5,Sincronizzazione configuratore gadget,I dati presenti in un file col logo del cliente non coincidono con quelli visualizzati nel gestionale.,Tecnico,media
mxfiid71,Disguido con richiesta cliente etichette adesive,La richiesta del cliente relativa a un ordine di articoli personalizzati presenta alcune informazioni non corrette che devono essere verificate.,Commerciale,alta
z5dm72vf,Modifica ordine materiale promozionale,Vorrei aggiungere alcuni articoli alla richiesta relativa a un lotto di portachiavi con incisione.,Commerciale,alta
4sloq393,Pagamento servizio cloud in sospeso,Non troviamo evidenza dell'operazione associata alla transazione del 15/10,Amministrazione,alta
78pnwbw1,Stato ordine borracce personalizzate,La commessa relativa a prodotti destinati a una nuova campagna promozionale risulta ancora in lavorazione?,Commerciale,media
2cdvh5a2,Pagamento licenza software in sospeso,La somma destinata alla posizione cliente CLI-789 non è ancora stata contabilizzata.,Amministrazione,alta
i5o48p4e,Documentazione contabile servizio cloud,È possibile ottenere il prospetto completo delle movimentazioni del pagamento ricorrente.,Amministrazione,bassa
kxgwt8ec,Accesso negato a caricamento file,Il applicazione impedisce di completare l'autenticazione necessaria per utilizzare la configurazione di una nuova lavorazione.,Tecnico,alta
wt4vhkhm,Richiesta di supporto per configuratore gadget,Mi servirebbe supporto per capire come gestire una lavorazione destinata alla stampa nel gestionale.,Tecnico,bassa
3c6o9vx1,Disguido con richiesta cliente borse e shopper,Ci è stato comunicato un errore nei dati forniti per una fornitura composta da più articoli; occorre intervenire prima di procedere.,Commerciale,alta
g64jpq1j,Disponibilità articolo prodotti per fiere,Potete indicarmi se materiale promozionale per una fiera è presente nell'assortimento attuale?,Commerciale,bassa
6iayny73,Richiesta fattura per licenza software,Avrei necessità di ricevere copia della documentazione il servizio premium. Sarebbe possibile riceverla?,Amministrazione,media
dkgkhnv0,Funzionalità configuratore gadget non operativa,La procedura per un ordine ricevuto dal sito rimane in attesa senza arrivare alla conclusione.,Tecnico,media
1ri87l8u,Documentazione amministrativa canone mensile,Vorrei consultare il dettaglio delle operazioni riguardanti il pagamento ricorrente per un controllo amministrativo.,Amministrazione,bassa
o4y60bs9,Richiesta proposta per agende personalizzate,Siamo interessati a gadget personalizzati con grafica fornita dal cliente e vorremmo conoscere il prezzo per la quantità indicata.,Commerciale,media
unmfo14k,Stato ordine calendari aziendali,Potete verificare lo stato della fornitura di 200 shopper con stampa a colori?,Commerciale,media
zj7rfon3,Disponibilità articolo abbigliamento personalizzato,È prevista una nuova disponibilità per una fornitura di 50 t-shirt personalizzate?,Commerciale,bassa
7one7f3y,Stato ordine borse e shopper,Vorrei avere un riscontro sull'avanzamento dell'ordine un ordine di articoli personalizzati.,Commerciale,media
wedrvbi4,Stato ordine tazze personalizzate,Vorrei avere un riscontro sull'avanzamento dell'ordine un lotto di portachiavi con incisione.,Commerciale,media
osaiq85j,Sollecito per anno contabile,Il saldo relativo al canone di febbraio non risulta ancora aggiornato.,Amministrazione,alta
9e4mnv3n,Comportamento anomalo durante esportazione lavorazione,Ho riscontrato un'anomalia mentre preparavo alcuni articoli destinati alla produzione per la produzione.,Tecnico,alta
0mavi2mk,Richiesta rimborso per trimestre chiuso,La somma corrisposta dovrebbe essere restituita a seguito del disservizio per il compenso consulenza.,Amministrazione,media
53w6arkc,Richiesta preventivo per articoli per eventi,Ci interessa valutare 200 shopper con stampa a colori; sarebbe possibile ricevere un'offerta dettagliata?,Commerciale,media
rz5z75cd,Informazioni su prodotto articoli per eventi,Mi servirebbero maggiori informazioni sulle caratteristiche di una fornitura di 50 t-shirt personalizzate.,Commerciale,bassa
325zl95u,Disponibilità articolo etichette adesive,È prevista una nuova disponibilità per un ordine di articoli personalizzati?,Commerciale,bassa
z13fmc3p,Stato ordine borracce personalizzate,Potete controllare se l'ordine di una fornitura composta da più articoli è già stato preso in carico?,Commerciale,media
kq4a52av,Pagamento periodo fiscale in sospeso,Il bonifico relativo al servizio di supporto non compare ancora tra le operazioni registrate. Potete verificare?,Amministrazione,alta
nb5v6f7j,Pagamento quota associativa in sospeso,Vorrei sapere a che punto è il trasferimento fondi per il servizio premium.,Amministrazione,alta
sp4mvt6r,Richiesta fattura per fornitura materiali,Non ho riesco a reperire il documento fiscale relativo alla fornitura di dicembre. Potreste inviarla?,Commerciale,media
o1via3j0,Documentazione amministrativa abbonamento annuale,Avrei bisogno del prospetto contabile relativo al servizio premium per una verifica interna.,Amministrazione,bassa
86urhbud,Richiesta preventivo per t-shirt personalizzate,Vorremmo conoscere le condizioni economiche previste per materiale promozionale per una fiera.,Commerciale,media
4mi7hxao,Funzionalità importazione ordini non operativa,"Ho provato più volte a eseguire una commessa con più articoli, ma il sistema non completa la richiesta.",Tecnico,media
tru5yppe,Richiesta preventivo per abbigliamento personalizzato,Potete preparare un'offerta relativa a un lotto di gadget per un evento aziendale? Stiamo valutando diverse alternative.,Commerciale,media
ym7f7xt4,Richiesta preventivo per etichette adesive,Potete preparare un'offerta relativa a prodotti destinati a una nuova campagna promozionale? Stiamo valutando diverse alternative.,Commerciale,media
0eonvzc1,Funzionalità impostazioni macchina non operativa,Non riesco a completare un ordine con quantità elevate; l'interfaccia rimane attiva ma la funzione non risponde.,Tecnico,media
hd26tesa,Richiesta rimborso per mese corrente,"Considerato il mancato servizio il pagamento ricorrente, chiediamo di stornare la somma versata.",Amministrazione,media
byb0tmt4,Documentazione contabile contratto di manutenzione,È possibile ottenere il prospetto completo delle movimentazioni della posizione cliente CLI-789.,Commerciale,bassa
tsvb4jwg,Richiesta di supporto per configuratore gadget,Sto preparando una nuova lavorazione e vorrei alcune indicazioni riguardo a una lavorazione per incisione.,Tecnico,bassa
8v9ld0jt,Disguido con richiesta cliente agende personalizzate,La conferma ricevuta dal cliente non coincide coi dati relativi a prodotti con personalizzazione su un lato; serve un controllo prima di procedere.,Commerciale,alta
mk61j94z,Richiesta fattura per Q1 2024,"Potete controllare la disponibilità del documento l'ordine ORD-2024-001, nel nostro sistema non è presente.",Amministrazione,media
3xk2r0gr,Sollecito per trimestre chiuso,La posizione relativa alla fattura n. 567 risulta ancora da regolare.,Amministrazione,alta
il7kt3v3,Richiesta preventivo per etichette adesive,Vorremmo conoscere le condizioni economiche previste per un ordine di articoli personalizzati.,Commerciale,media
nlkjob3x,Richiesta di supporto per esportazione lavorazione,Mi servirebbe supporto per capire come gestire un file destinato al reparto produttivo nel gestionale.,Tecnico,bassa
1e2guwur,Richiesta fattura per anno contabile,Non ho riesco a reperire il documento fiscale relativo alla transazione del 15/10. Potreste inviarla?,Amministrazione,media
y8enue56,problemi durante l'autenticazione a gestione ordini,La sessione su alcuni articoli destinati alla produzione viene chiusa automaticamente dopo l'autenticazione.,Tecnico,alta
gup14137,Stato ordine tazze personalizzate,Non abbiamo ancora ricevuto aggiornamenti riguardo a 100 penne con logo aziendale.,Commerciale,media
m1pmb4gp,Funzionalità archivio grafiche non operativa,"Ho provato più volte a eseguire un lotto di penne personalizzate, ma il interfaccia non completa la richiesta.",Tecnico,media
8sa42p6k,Documentazione contabile licenza software,È possibile ottenere il prospetto completo delle movimentazioni del compenso consulenza.,Amministrazione,bassa
1c9srv0s,Comportamento anomalo durante generazione etichette,"Quando provo a elaborare alcuni articoli destinati alla produzione, il sistema interrompe la procedura senza completare l'operazione.",Tecnico,alta
3tk91ovh,Disguido con richiesta cliente borracce personalizzate,Il cliente ha segnalato un'incongruenza relativa a un ordine di articoli personalizzati e richiede un aggiornamento tempestivo.,Commerciale,alta
a6ee4bsu,Pagamento Q1 2024 in sospeso,Il bonifico relativo a l'ordine ORD-2024-001 non compare ancora tra le operazioni registrate. Potete verificare?,Amministrazione,alta
kct0ypd3,Configurazione configuratore gadget,Non sono sicuro che un lotto di t-shirt personalizzate sia configurato nel modo corretto e vorrei effettuare una verifica.,Tecnico,bassa
g4h51fqv,Richiesta di supporto per scheda prodotto,Mi servirebbe supporto per capire come gestire una serie di prodotti promozionali nel gestionale.,Tecnico,bassa
x6933g45,Sollecito per servizio premium,Vorremmo ricevere un aggiornamento sulla pendenza relativa al pagamento ricorrente.,Amministrazione,alta
mvs45v89,Disponibilità articolo materiale promozionale,Potete indicarmi se materiale promozionale per una fiera è presente nell'assortimento attuale?,Commerciale,bassa
8llnpidr,Richiesta rimborso per canone mensile,La prestazione ricevuta per il servizio di supporto non rispettaquanto concordatoe vorrei richiedere la restituzione.,Amministrazione,media
st4pg4kz,Pagamento servizio cloud in sospeso,Abbiamo disposto il versamento relativo alla rata semestrale ma non compare alcun aggiornamento.,Amministrazione,alta
6px50ohc,Modifica acquisto borracce personalizzate,È possibile sostituire alcuni articoli presenti nell'ordine di un ordine di articoli personalizzati?,Commerciale,alta
57n8djhp,Sincronizzazione scheda prodotto,L'aggiornamento automatico di un prodotto configurato tramite il portale avviene con diversi minuti di ritardo.,Tecnico,media
acc4zmd8,Sollecito per trimestre chiuso,Non abbiamo ancora ricevuto riscontro in merito a l'importo convenuto.,Amministrazione,alta
0vn5bh21,Richiesta di supporto per configuratore gadget,Vorrei conoscere le impostazioni consigliate per una serie di articoli con la stessa grafica.,Tecnico,bassa
qcf2bo6k,Disponibilità articolo articoli per eventi,Vorrei controllare la giacenza relativa a 200 shopper con stampa a colori prima di procedere con l'ordine.,Commerciale,bassa
y72wc50n,Disguido con richiesta cliente penne promozionali,Il cliente ha segnalato un'incongruenza relativa a una fornitura composta da più articoli e richiede un aggiornamento tempestivo.,Commerciale,alta
moiel9qn,Documentazione amministrativa anno contabile,Vorrei consultare il dettaglio delle operazioni riguardanti l'abbonamento trimestrale per un controllo amministrativo.,Amministrazione,bassa
zis76vrh,Richiesta fattura per servizio premium,Avrei necessità di ricevere copia della documentazione l'accordo commerciale. Sarebbe possibile riceverla?,Amministrazione,media
y4ixk3bg,Accesso negato a stato della produzione,Le credenziali utilizzate per una lavorazione destinata alla stampa non vengono più riconosciute.,Tecnico,alta
0camz4sc,Documentazione contabile quota associativa,Potete fornire i documenti necessari per la revisione di l'importo convenuto?,Amministrazione,bassa
t4i1s19r,Sincronizzazione configuratore gadget,L'aggiornamento dei dati di un file col logo del cliente non è immediato e richiede talvolta un refresh.,Tecnico,media
die3els8,Accesso negato a catalogo prodotti,"L'accesso a una grafica caricata dal cliente risulta disponibile ad altri utenti, ma non al mio profilo.",Tecnico,alta
8bbznzuv,Documentazione amministrativa Q1 2024,Vorrei consultare il dettaglio delle operazioni riguardanti la fattura n. 567 per un controllo amministrativo.,Amministrazione,bassa
9lthne8t,Modifica ordine materiale promozionale,È necessario correggere alcune informazioni presenti nell'ordine di un lotto di portachiavi con incisione.,Commerciale,alta
siyy1z58,Richiesta fattura per servizio premium,Avrei necessità di ricevere copia della documentazione l'accordo commerciale. Sarebbe possibile riceverla?,Amministrazione,media
aedw48cr,Stato ordine packaging personalizzato,Avrei bisogno di un aggiornamento sulla fornitura di una fornitura di 50 t-shirt personalizzate.,Commerciale,media
wxg7y5uk,Richiesta fattura per trimestre chiuso,Nei nostri archivi non compare il documento la fattura n. 567.,Amministrazione,media
s1l9xed1,Disguido con richiesta cliente abbigliamento personalizzato,Il cliente ha segnalato un'incongruenza relativa a materiale promozionale per una fiera e richiede un aggiornamento tempestivo.,Commerciale,alta
wwg7qly8,Richiesta di supporto per configuratore gadget,Mi servirebbe un chiarimento sulla procedura da seguire per un file col logo del cliente.,Tecnico,bassa
gdl666bu,Accesso negato a importazione ordini,Il programma impedisce di completare l'autenticazione necessaria per utilizzare una lavorazione destinata alla stampa.,Tecnico,alta
0hzl2gar,Modifica ordine tazze personalizzate,Vorrei sapere se è possibile apportare una modifica all'ordine già inviato per una piccola quantità di prodotti per un cliente.,Commerciale,alta
i0l0nfne,Modifica ordine etichette adesive,Chiedo di verificare se possiamo ancora intervenire sull'ordine relativo a prodotti destinati a una nuova campagna promozionale.,Commerciale,alta
1ldgts3y,Stato ordine abbigliamento personalizzato,La commessa relativa a 50 agende con stampa del marchio risulta ancora in lavorazione?,Commerciale,media
b7tmbdmz,Richiesta di supporto per scheda prodotto,Mi servirebbe supporto per capire come gestire una lavorazione per incisione nel gestionale.,Tecnico,bassa
wphz8ysj,Richiesta offerta per portachiavi promozionali,Vorremmo conoscere le condizioni economiche previste per gadget personalizzati con grafica fornita dal cliente.,Commerciale,media
zdrliij4,Stato ordine gadget personalizzati,La commessa relativa a 100 penne con logo aziendale risulta ancora in lavorazione?,Commerciale,media
07oz1ste,Sincronizzazione preparazione commessa,I dati presenti nella bozza grafica di una commessa non coincidono con quelli visualizzati nel gestionale.,Tecnico,media
5xrgms29,Stato ordine gadget aziendali,È possibile conoscere la situazione attuale della richiesta relativa a una piccola quantità di prodotti per un cliente?,Commerciale,media
t72i9rau,Accesso negato a esportazione lavorazione,Il mio account non dispone più dei privilegi necessari per utilizzare un ordine di gadget personalizzati.,Tecnico,alta
jh5ifp7o,Richiesta rimborso per licenza software,Vorrei richiedere la restituzionedella somma versata per l'ordine ORD-2024-001 in quanto il servizio non è stato fornito come concordato.,Amministrazione,media
3xkz16x2,Richiesta fattura per quota associativa,Non ho riesco a reperire il documento fiscale relativo al servizio premium. Potreste inviarla?,Amministrazione,media
7l1gj5bi,Configurazione configuratore gadget,"Sto cercando di modificare un lotto di penne personalizzate, ma alcune opzioni non sono chiare.",Tecnico,bassa
b6pmkp59,Documentazione contabile canone mensile,Chiedo di ricevere la reportistica relativa a l'accordo commerciale.,Amministrazione,bassa
8dueqji2,Richiesta di supporto per importazione ordini,Mi servirebbe supporto per capire come gestire alcuni articoli destinati alla produzione nel gestionale.,Tecnico,bassa
y7364h6b,Configurazione configuratore gadget,"Sto cercando di modificare un ordine ricevuto dal sito, ma alcune opzioni non sono chiare.",Tecnico,bassa
2waiw1kt,Pagamento consulenza in sospeso,Dopo alcuni giorni non abbiamo ricevuto conferma dell'avvenuta operazione il servizio premium.,Amministrazione,alta
ozk56edn,Documentazione contabile consulenza,Ci occorre il riepilogo delle operazioni associate alla parcella n. 567.,Amministrazione,bassa
axco52q0,Sincronizzazione configuratore gadget,Alcune informazioni relative a un ordine con quantità elevate risultano ancora precedenti rispetto agli ultimi aggiornamenti.,Tecnico,media
6j7g8kw7,Richiesta fattura per mese corrente,È possibile ottenere una copia del documento contabile la rata semestrale.,Amministrazione,media
i878tox0,Richiesta di supporto per anteprima grafica,Mi servirebbe supporto per capire come gestire una commessa con più articoli nel gestionale.,Tecnico,bassa
6uv3fzss,Stato ordine penne promozionali,Vorrei sapere se ci sono aggiornamenti riguardo alla spedizione di prodotti con personalizzazione su un lato.,Commerciale,media
jm8sbubw,Richiesta di supporto per gestione ordini,Mi servirebbe supporto per capire come gestire una commessa con più articoli nel gestionale.,Tecnico,bassa
4uv4s7ij,Documentazione contabile contratto di manutenzione,Per una verifica interna necessitiamo dei registri riguardanti la transazione del 15/10.,Amministrazione,bassa
m84io9bu,Accesso negato a modulo stampa,Il sistema impedisce di completare l'autenticazione necessaria per utilizzare un ordine con quantità elevate.,Tecnico,alta
y3b1tg6x,Documentazione amministrativa quota associativa,Sarebbe possibile ricevere una copia dei registri contabili relativi a l'importo convenuto?,Amministrazione,bassa
ya61i6yj,Documentazione contabile periodo fiscale,Chiedo di ricevere la reportistica relativa alla rata semestrale.,Amministrazione,bassa
3w3e22us,Disguido con richiesta cliente articoli per eventi,La conferma ricevuta dal cliente non coincide coi dati relativi a una serie di borracce col logo del cliente; serve un controllo prima di procedere.,Commerciale,alta
15zm5vp2,Sollecito per prestazione professionale,La situazione contabile di l'accordo commerciale necessita di un aggiornamento.,Amministrazione,alta
0y0dsr3n,Modifica ordine abbigliamento personalizzato,Vorremmo modificare le quantità previste per un lotto di portachiavi con incisione prima dell'evasione.,Commerciale,alta
lw1fdk86,Richiesta fattura per canone mensile,Non trovo traccia della ricevuta per la fattura n. 567 nel sistema contabile.,Amministrazione,media
wb78qp25,Pagamento prestazione professionale in sospeso,Vorrei verificare lo stato del pagamento relativo alla posizione cliente CLI-789 che risulta ancora in elaborazione,Amministrazione,alta
kx2p01sk,Richiesta preventivo per borse e shopper,"Avremmo bisogno di una quotazione aggiornata per un ordine di articoli personalizzati, comprese eventuali spese aggiuntive.",Commerciale,media
taz17bme,Sincronizzazione configuratore gadget,I dati presenti in una commessa con più articoli non coincidono con quelli visualizzati nel gestionale.,Tecnico,media
npt8r563,Disponibilità articolo borracce personalizzate,Vorrei sapere se 100 penne con logo aziendale è attualmente disponibile.,Commerciale,bassa
mjsug76o,Pagamento mese corrente in sospeso,La disposizione effettuata per contratto n. 12345 non presenta ancora un esito.,Amministrazione,alta
2ewtp2bs,Richiesta fattura per abbonamento annuale,Potete controllare se la fattura la rata semestrale è stata emessa?,Amministrazione,media
ewwa24y0,Richiesta di supporto per configuratore gadget,Mi servirebbe supporto per capire come gestire un ordine di gadget personalizzati nel gestionale.,Tecnico,bassa
1b4smbh3,Richiesta fattura per anno contabile,Mi serve il documento fiscale della rata semestrale per la chiusura.,Amministrazione,media
vxe2e9bm,Disponibilità articolo abbigliamento personalizzato,È prevista una nuova disponibilità per prodotti con personalizzazione su un lato?,Commerciale,bassa
xwu2esqp,Disguido con richiesta cliente articoli per eventi,Abbiamo bisogno di risolvere una criticità nella richiesta riguardante una fornitura composta da più articoli per evitare ritardi nella fornitura.,Commerciale,alta
v077irxe,Disponibilità articolo calendari aziendali,Vorrei sapere se 50 agende con stampa del marchio è attualmente disponibile.,Commerciale,bassa
js51yesf,Pagamento canone mensile in sospeso,Il trasferimento relativo al servizio premium sembra essere ancora in lavorazione.,Amministrazione,alta
pob34gk6,Richiesta rimborso per quota associativa,Vorrei richiedere la restituzionedella somma versata per il servizio premium in quanto il servizio non è stato fornito come concordato.,Amministrazione,media
zn9gmb1l,Richiesta di supporto per configuratore gadget,Sto preparando una nuova lavorazione e vorrei alcune indicazioni riguardo a una grafica caricata dal cliente.,Tecnico,bassa
g047zvty,Richiesta fattura per anno contabile,Non trovo traccia della ricevuta per la rata semestrale nel sistema contabile.,Amministrazione,media
jamw8r1p,Accesso negato a distinta di produzione,Non riesco più ad accedere alla sezione relativa a un lotto di t-shirt personalizzate col mio account.,Tecnico,alta
pjz04r8o,Richiesta di supporto per configuratore gadget,Non mi è del tutto chiaro come procedere con un file col logo del cliente; potete aiutarmi?,Tecnico,bassa
5k6uigsa,Disponibilità articolo borse e shopper,Abbiamo ricevuto una richiesta per una fornitura composta da più articoli; potete verificare la disponibilità?,Commerciale,bassa
g4di2k0n,Sincronizzazione configuratore gadget,L'aggiornamento dei dati di un lotto di penne personalizzate non è immediato e richiede talvolta un refresh.,Tecnico,media
i9il2i76,Richiesta fattura per rinnovo servizi,Nei nostri archivi non compare il documento il contratto quadro.,Amministrazione,media
9ldesz50,Disguido con richiesta cliente abbigliamento personalizzato,Il cliente ha segnalato un'incongruenza relativa a una piccola quantità di prodotti per un cliente e richiede un aggiornamento tempestivo.,Commerciale,alta
f3w1k3pp,Configurazione configuratore gadget,Non sono sicuro che una serie di prodotti promozionali sia configurato nel modo corretto e vorrei effettuare una verifica.,Tecnico,bassa
a7mup0zl,Accesso negato a catalogo prodotti,"L'accesso a un file col logo del cliente risulta disponibile ad altri utenti, ma non al mio profilo.",Tecnico,alta
xn83oa47,Disguido con richiesta cliente penne promozionali,Il cliente ha segnalato un problema nella richiesta relativa a una fornitura composta da più articoli e attende una soluzione.,Commerciale,alta
726cq1y3,Richiesta di supporto per gestione clienti,Mi servirebbe supporto per capire come gestire alcuni articoli destinati alla produzione nel gestionale.,Tecnico,bassa
x9jh51hm,Documentazione amministrativa consulenza,Per la verifica periodica ci serve un riepilogo della situazione contabile del pagamento ricorrente.,Amministrazione,bassa
lxt8j897,Informazioni su prodotto borracce personalizzate,Potete inviarmi una descrizione più completa di una piccola quantità di prodotti per un cliente finale?,Commerciale,bassa
vywumei2,Sollecito per fornitura materiali,La pratica indicata il pagamento ricorrente non risulta ancora definita.,Amministrazione,alta
eed2ui5m,Documentazione amministrativa consulenza,Potete fornire il riepilogo delle operazioni effettuate per l'importo convenuto?,Amministrazione,bassa
9f8czxbl,Disponibilità articolo gadget personalizzati,Avrei bisogno di sapere se possiamo reperire 50 agende con stampa del marchio in tempi brevi.,Commerciale,bassa
077vtlvc,Documentazione contabile abbonamento annuale,Potete mettere a disposizione la documentazione necessaria per il controllo della transazione del 15/10.,Amministrazione,bassa
m89h3jo3,Richiesta rimborso per abbonamento annuale,La somma corrisposta dovrebbe essere restituita a seguito del disservizio per la rata semestrale.,Amministrazione,media
t3r5ebpc,Comportamento anomalo durante stato della produzione,Il sistema gestisce in maniera irregolare la configurazione di una nuova lavorazione e in alcuni casi interrompe il processo.,Tecnico,alta
cq8cfulv,Richiesta di supporto per distinta di produzione,Mi servirebbe supporto per capire come gestire una serie di articoli con la stessa grafica nel gestionale.,Tecnico,bassa
oj01wrv2,Richiesta di supporto per modulo stampa,Mi servirebbe supporto per capire come gestire un ordine ricevuto dal sito nel gestionale.,Tecnico,bassa
x74n4r6i,Documentazione contabile rinnovo servizi,Ci occorre il riepilogo delle operazioni associate a l'ordine ORD-2024-001.,Amministrazione,bassa
cz9tto0w,Documentazione contabile prestazione professionale,È possibile ottenere il prospetto completo delle movimentazioni di l'abbonamento trimestrale.,Amministrazione,bassa
9hibeo2i,Informazioni su prodotto abbigliamento personalizzato,Mi servirebbero maggiori informazioni sulle caratteristiche di una fornitura di 50 t-shirt personalizzate.,Commerciale,bassa
coe9gy6w,Sincronizzazione caricamento file,Ho notato una differenza tra le informazioni di un prodotto configurato tramite il portale e quelle presenti nel sistema centrale.,Tecnico,media
elv06evw,Funzionalità configuratore gadget non operativa,La funzionalità collegata a un lotto di penne personalizzate non sembra essere disponibile in questo momento.,Tecnico,media
qy4i715g,Documentazione amministrativa mese corrente,Avrei bisogno del prospetto contabile relativo alla fornitura di dicembre per una verifica interna.,Commerciale,bassa
3jh8vz30,Modifica ordine cliente penne promozionali,È ancora possibile cambiare la quantità richiesta per articoli promozionali per una campagna aziendale?,Commerciale,alta
vt5h4ful,Modifica ordine gadget aziendali,Vorrei aggiungere alcuni articoli alla richiesta relativa a una fornitura composta da più articoli.,Commerciale,alta
